,username,before_percolation,after_percolation,degree,change
247,newsmax,0.005252272587320226,0.005061248309420213,34672,decrease
189,JonPort79449036,0.03067223143549377,0.039251881975857425,15721,increase
725,nickisnest,0.032280189154009334,0.04139605468431801,2881,increase
913,CobyJay41,0.028923597323644887,0.03947098126719887,2473,increase
620,bev768,0.06785804530947745,0.10143028840003467,2285,increase
6,danny086756661,0.0,0.0,2281,no change
381,robert_traurig,0.00020915659989935003,0.0002728815313800275,1516,increase
290,Simone_Voice,3.1851258867921324e-06,3.6350145510126054e-06,715,increase
545,VanderluciaSch1,5.839397459118909e-05,5.6202054450766116e-05,710,decrease
67,Daniel2510G,0.0005796929113961681,0.0005970715679651526,630,increase
1161,ella03787321,6.370251773584265e-06,6.873041958790769e-06,609,increase
1028,SpiritYah,3.1851258867921324e-06,3.6350145510126054e-06,508,increase
1138,Learningpods1,7.431960402514976e-06,9.693759072126681e-06,446,increase
1351,BrandonLesco1,1.5925629433960662e-05,1.6197960693646126e-05,439,increase
984,kawarren818,3.822151064150559e-05,3.733107314451659e-05,427,decrease
1033,haber_okuyorum1,2.9727841610059904e-05,2.9331836455169486e-05,416,decrease
436,santa_tzu,0.0,0.0,388,no change
447,Yaocyou,0.0,0.0,386,no change
446,JaneDoe89034155,0.0,0.0,384,no change
85,CobyJayJr42,0.004863687229131586,0.0072186413068274944,383,increase
444,mimosa_9th_,0.0,0.0,374,no change
1044,DutchDL,1.0617086289307108e-06,1.344520995203876e-06,370,increase
1113,107devorah,0.0028687367153707806,0.0037006181296257816,345,increase
1065,fuzzyface,2.9727841610059904e-05,2.9331836455169486e-05,330,decrease
1176,LoveTahoe1,6.901106088049621e-05,7.069583850376965e-05,309,increase
1025,deltazebedee1,1.4863920805029952e-05,1.7462836678851774e-05,306,increase
347,DDonP3,7.431960402514976e-06,1.0201597767686788e-05,304,increase
339,takapirulainen,0.0,0.0,297,no change
276,sfbtears,0.0,0.0,265,no change
262,NoSurrender200,0.0,0.0,249,no change
1194,texaspatriette,0.0,0.0,210,no change
1077,ninskiberry,0.0,0.0,196,no change
1091,moonbeam696,0.0,0.0,195,no change
1089,AndersonPolaris,0.0,0.0,191,no change
1170,Rac_helz,0.0,0.0,189,no change
536,CobyJayJr43,0.0020544061969809254,0.002667815387747061,186,increase
1168,Max65752957,1.0617086289307108e-06,1.344520995203876e-06,185,increase
994,babibelle33,6.370251773584265e-06,6.873041958790769e-06,180,increase
1158,Caring_Canuck,0.0004130046566540465,0.000549583832863559,161,increase
1048,PantsClock,2.2295881207544928e-05,2.228799182981633e-05,153,decrease
1190,tvegaw,3.1851258867921324e-06,3.6350145510126054e-06,150,increase
232,VanderleydeSo14,0.0,0.0,150,no change
929,justletmebeme1,0.0008249476046791622,0.00107288042809492,149,increase
1097,DixieGenX,0.005285185554817078,0.00695357478997146,136,increase
895,sir_lars,2.2295881207544928e-05,2.228799182981633e-05,133,decrease
1087,elofan1276,1.0617086289307108e-06,1.344520995203876e-06,133,increase
1021,Jaye1222,3.1851258867921324e-06,4.193969690784462e-06,125,increase
972,1SweetSoldier,1.5925629433960662e-05,1.6197960693646126e-05,124,increase
1126,laureenrobinso1,0.003678820399244913,0.00471453374658104,110,increase
591,BaringMyClaws,0.0,0.0,99,no change
244,JackJackedMe,3.1851258867921324e-06,3.6350145510126054e-06,99,increase
1084,KyleJayBonnell,1.0617086289307108e-06,1.344520995203876e-06,95,increase
277,j_windsong,0.0,0.0,92,no change
1166,Vicmot,0.0,0.0,91,no change
304,momJenRodriguez,2.654271572326777e-05,3.082672296417628e-05,90,increase
934,mattlargey,0.0,0.0,83,no change
1159,Andreopeeneilan,0.0,0.0,82,no change
271,globalism_no,0.0,0.0,80,no change
1141,val_ic,0.0,0.0,79,no change
240,mynameisnotkim1,1.0617086289307108e-06,1.344520995203876e-06,78,increase
1013,Voyeur80370397,3.1851258867921324e-06,3.6350145510126054e-06,72,increase
1186,Sayyestolifeno1,0.0,0.0,69,no change
1,Left_of_You,0.00013377528724526955,0.00017267527732917968,66,increase
274,RockinTrump,1.0617086289307108e-06,1.344520995203876e-06,64,increase
1187,zoogirl121,1.167879491823782e-05,1.5766409124807574e-05,57,increase
1042,maatuska_t,1.0617086289307108e-06,1.344520995203876e-06,55,increase
31,YatesSaunders,0.0,0.0,49,no change
1136,bilks,0.0,0.0,48,no change
1082,QWarrior18,0.0,0.0,46,no change
1081,MSkuggsida,0.0,0.0,45,no change
1079,loveiswhereits2,0.0,0.0,44,no change
297,BBCNews,0.0,0.0,42,no change
492,BeverlyDHolmes,3.1851258867921324e-06,3.6350145510126054e-06,41,increase
1145,pinopire43,0.0,0.0,38,no change
1152,AllieLucas1971,1.0617086289307107e-05,1.1060167947596086e-05,35,increase
1143,AlfaBravo005,1.0617086289307108e-06,1.344520995203876e-06,31,increase
272,raroberts2010,0.0,0.0,30,no change
452,HetrickBarry,0.0,0.0,28,no change
1288,NH_2_NC,0.0,0.0,27,no change
1125,Laban471,0.0,0.0,27,no change
451,NYLockdown,0.0,0.0,26,no change
450,l11432,0.0,0.0,24,no change
449,drmassee,0.0,0.0,22,no change
448,EdwinRankin,0.0,0.0,20,no change
349,EynoufElizabeth,0.0,0.0,18,no change
1150,IBelieveMothers,0.0,0.0,17,no change
1358,ussuricat1,7.431960402514976e-06,9.693759072126681e-06,13,increase
1147,LoFaSho24,0.0,0.0,12,no change
1112,PatriotDany,0.0,0.0,12,no change
1110,Sbartol3,0.0,0.0,11,no change
979,CBmdnc,0.0,0.0,11,no change
1122,SmithMEGA007,1.0617086289307108e-06,1.344520995203876e-06,10,increase
1148,CrashingJustice,0.0,0.0,9,no change
1009,sgibbsters,0.0,0.0,9,no change
1096,DonnaOw66990971,0.0,0.0,5,no change
953,JoeSilverman7,0.0,0.0,0,no change
912,ClearwaterBK,0.0,0.0,0,no change
908,Covidpeganoar,0.0,0.0,0,no change
993,Revahb1,0.0,0.0,0,no change
909,MARIAEMI01,0.0,0.0,0,no change
992,rm03123,0.0,0.0,0,no change
910,estoque_pff,0.0,0.0,0,no change
991,FredGar48061675,0.0,0.0,0,no change
990,hawkesbg,0.0,0.0,0,no change
989,allahpundit,0.0,0.0,0,no change
988,lgadbery,0.0,0.0,0,no change
911,PFFparaTodos,0.0,0.0,0,no change
987,mathandbbqsauce,0.0,0.0,0,no change
986,MIVY_QUIN,0.0,0.0,0,no change
995,LaurenceFerrari,0.0,0.0,0,no change
985,Kingxerxi,0.0,0.0,0,no change
983,PhillyD,0.0,0.0,0,no change
982,GaryJac34303792,0.0,0.0,0,no change
981,DietrichVFA41,0.0,0.0,0,no change
914,HairylegsBiden,0.0,0.0,0,no change
980,SurprisedPossum,0.0,0.0,0,no change
978,OliviaLRaphael,0.0,0.0,0,no change
915,larrupin35,0.0,0.0,0,no change
977,Archer_14,0.0,0.0,0,no change
976,4TruthMack,0.0,0.0,0,no change
916,DrewHolden360,0.0,0.0,0,no change
907,MiguelNicolelis,0.0,0.0,0,no change
906,vitormori,0.0,0.0,0,no change
918,jeremykauffman,0.0,0.0,0,no change
905,monicabergamo,0.0,0.0,0,no change
893,tatebenson1,0.0,0.0,0,no change
894,DaveWarren1010,0.0,0.0,0,no change
1007,ChrisLamb33,0.0,0.0,0,no change
896,KompozytorZ,0.0,0.0,0,no change
1006,KatieM12121,0.0,0.0,0,no change
897,va_shiva,0.0,0.0,0,no change
1005,selfawaresnare,0.0,0.0,0,no change
898,SingSing_80,0.0,0.0,0,no change
1004,patrick_plante,0.0,0.0,0,no change
1003,BlueBear0386,0.0,0.0,0,no change
1002,TheGreySaint1,0.0,0.0,0,no change
899,AvengingAnnieRI,0.0,0.0,0,no change
1001,ksorbs,0.0,0.0,0,no change
1000,RepThomasMassie,0.0,0.0,0,no change
900,bigbrothergrav,0.0,0.0,0,no change
901,Shadow183860871,0.0,0.0,0,no change
902,oiIuiz,0.0,0.0,0,no change
999,SpecAlt,0.0,0.0,0,no change
998,SharylAttkisson,0.0,0.0,0,no change
903,leandroruschel,0.0,0.0,0,no change
997,lerougegorge,0.0,0.0,0,no change
996,AssoCovid,0.0,0.0,0,no change
904,sheilafpontes,0.0,0.0,0,no change
917,TheJasonRink,0.0,0.0,0,no change
919,Bobapool,0.0,0.0,0,no change
954,djwyze1,0.0,0.0,0,no change
961,PMama1987,0.0,0.0,0,no change
960,da57seeking,0.0,0.0,0,no change
936,Mousecat1980,0.0,0.0,0,no change
937,LaurenceRHunt,0.0,0.0,0,no change
938,nikoCSFB,0.0,0.0,0,no change
939,OANN,0.0,0.0,0,no change
940,R12Stl,0.0,0.0,0,no change
941,njphlaz,0.0,0.0,0,no change
942,VonWildebrand,0.0,0.0,0,no change
943,eva95316153,0.0,0.0,0,no change
944,Beachbard,0.0,0.0,0,no change
945,DrLiver,0.0,0.0,0,no change
959,Lillian_DJT2020,0.0,0.0,0,no change
946,Donna34514866,0.0,0.0,0,no change
947,SherryTrout,0.0,0.0,0,no change
958,robbysoave,0.0,0.0,0,no change
948,Ben_Adler89,0.0,0.0,0,no change
949,bpsbarry1,0.0,0.0,0,no change
957,traviswalke,0.0,0.0,0,no change
950,KalmLike_a_Bomb,0.0,0.0,0,no change
951,FullFrontalSamB,0.0,0.0,0,no change
956,CWillyWally,0.0,0.0,0,no change
952,RachelAxon,0.0,0.0,0,no change
955,AshaRangappa_,0.0,0.0,0,no change
935,MichaelDKarras,0.0,0.0,0,no change
962,isaque31,0.0,0.0,0,no change
920,AXECOP,0.0,0.0,0,no change
963,Ceo_Branding,0.0,0.0,0,no change
921,wherearentyou,0.0,0.0,0,no change
922,NBSaphierMD,0.0,0.0,0,no change
923,janelleybelley3,0.0,0.0,0,no change
924,BobRae48,0.0,0.0,0,no change
975,kksheld,0.0,0.0,0,no change
974,prosser_timothy,0.0,0.0,0,no change
925,NotAssangesCat,0.0,0.0,0,no change
926,ggreenwald,0.0,0.0,0,no change
973,buckingfankers,0.0,0.0,0,no change
971,JaneyCMJ,0.0,0.0,0,no change
927,kvegasgrl,0.0,0.0,0,no change
928,SteveDoocy,0.0,0.0,0,no change
970,KeithDB80,0.0,0.0,0,no change
930,jpporter,0.0,0.0,0,no change
931,JReinerMD,0.0008238858960502316,0.0012597244260477525,0,increase
932,tuxlemons,0.0,0.0,0,no change
933,T_S_P_O_O_K_Y,0.0,0.0,0,no change
969,gorskon,0.0,0.0,0,no change
968,ketchme2,0.0,0.0,0,no change
967,tenniseric32597,0.0,0.0,0,no change
966,Patterico,0.0,0.0,0,no change
965,mtaibbi,0.0,0.0,0,no change
964,LightnUpFransis,0.0,0.0,0,no change
892,lisamjo,0.0,0.0,0,no change
0,ABC,0.0,0.0,0,no change
891,JustinNoordyke,0.0,0.0,0,no change
765,TheJordanRachel,0.0,0.0,0,no change
774,RichardL73,0.0,0.0,0,no change
773,RaguelnJustice,0.0,0.0,0,no change
772,INDOE_RO,0.0,0.0,0,no change
771,KyleFadough,0.0,0.0,0,no change
770,HertogRe,0.0,0.0,0,no change
769,AdamMacPhoto,0.0,0.0,0,no change
768,cscarroll2,0.0,0.0,0,no change
767,KatiePavlich,0.0,0.0,0,no change
766,JaniceDean,0.0,0.0,0,no change
764,labmom22,0.0,0.0,0,no change
890,PeterEnns3,0.0,0.0,0,no change
763,BlytzStocks,0.0,0.0,0,no change
762,Blackspice82_,0.0,0.0,0,no change
761,SomeInternetRa2,0.0,0.0,0,no change
760,RealJoelSmalley,0.0,0.0,0,no change
759,jakeeswoodhouse,0.0,0.0,0,no change
758,lyle_solomon,0.0,0.0,0,no change
757,Britt32311,0.0,0.0,0,no change
756,yfeldblum,0.0,0.0,0,no change
755,JulieSc91981110,0.0,0.0,0,no change
775,MarkIrwin62,0.0,0.0,0,no change
776,draditinerurkar,0.0,0.0,0,no change
777,evolnemesis,0.0,0.0,0,no change
778,kirstiealley,0.0,0.0,0,no change
797,pubman51,0.0,0.0,0,no change
796,runnermargie,0.0,0.0,0,no change
795,poettreevines,0.0,0.0,0,no change
794,PFeeneyND,0.0,0.0,0,no change
793,natturnerx65,0.0,0.0,0,no change
792,PieperLee,0.0,0.0,0,no change
791,doctornick_99,0.0,0.0,0,no change
790,KJT40941000,0.0,0.0,0,no change
789,therealphwu,0.0,0.0,0,no change
788,donwinslow,0.0,0.0,0,no change
787,ObolerfanII,0.0,0.0,0,no change
786,dewaaier112,0.0,0.0,0,no change
785,Yeahthatsrigh18,0.0,0.0,0,no change
784,NathalieDecuyp2,0.0,0.0,0,no change
783,AnniseParker,0.0,0.0,0,no change
782,Libby3X,0.0,0.0,0,no change
781,loma_rae,0.0,0.0,0,no change
780,mikey0256,0.0,0.0,0,no change
779,LisaMBrodeur,0.0,0.0,0,no change
754,loranger_steve,0.0,0.0,0,no change
753,Hurger33,0.0,0.0,0,no change
752,TheSportsminn,0.0,0.0,0,no change
729,valencj95,0.0,0.0,0,no change
727,SaltyFlGrl,0.0,0.0,0,no change
726,vaccinesSaveUsa,0.0,0.0,0,no change
724,Tutu1082,0.0,0.0,0,no change
723,HRHBethany,0.0,0.0,0,no change
722,Leftylockdowns1,0.0,0.0,0,no change
721,IanBarr72190592,0.0,0.0,0,no change
720,D321Debbie,0.0,0.0,0,no change
719,bkFreedomForAll,0.0,0.0,0,no change
718,DPJHodges,0.0,0.0,0,no change
717,Beyotch_Pudding,0.0,0.0,0,no change
716,jerankin,0.0,0.0,0,no change
715,Mayella09476043,0.0,0.0,0,no change
714,nonfucksgiven,0.0,0.0,0,no change
713,arkmedic,0.02844211246042481,0.04672448308815851,0,increase
712,cobraclutch420,0.0,0.0,0,no change
711,NeilClark66,0.0,0.0,0,no change
710,HegKong,0.0,0.0,0,no change
709,Parker5Max,0.0,0.0,0,no change
708,DogmomDem,0.0,0.0,0,no change
728,YoloJenkins3,0.0,0.0,0,no change
730,Virtual_Prof,0.0,0.0,0,no change
751,TrickyFromNJ,0.0,0.0,0,no change
731,deBeaumontFndtn,0.0,0.0,0,no change
750,dioncini,0.0,0.0,0,no change
749,JoJoFromJerz,0.0,0.0,0,no change
748,TomiLahren,0.0,0.0,0,no change
747,NiftyNewHandle,0.0,0.0,0,no change
746,4everNeverTrump,0.0,0.0,0,no change
745,victoriastudio2,0.0,0.0,0,no change
744,GOPLeader,0.0,0.0,0,no change
743,JiQed,0.0,0.0,0,no change
742,Carol23495278,0.0,0.0,0,no change
741,moderna_tx,0.0,0.0,0,no change
740,Sen_JoeManchin,0.0,0.0,0,no change
739,Muzzlesgirl_OH,0.0,0.0,0,no change
738,Rhianna979,0.0,0.0,0,no change
737,MommyBanter,0.0,0.0,0,no change
736,Dan_Hope,0.0,0.0,0,no change
735,BuckeyeWDW,0.0,0.0,0,no change
734,buckeye4nhtown,0.0,0.0,0,no change
733,OhioState,0.0,0.0,0,no change
732,Alissa_Moen,0.0,0.0,0,no change
798,grega415,0.0,0.0,0,no change
799,MommaCarlu,0.0,0.0,0,no change
800,reeortiz,0.0,0.0,0,no change
868,EvaMeye17708673,0.0,0.0,0,no change
866,ImanSain,0.0,0.0,0,no change
865,orlandocuffs,0.0,0.0,0,no change
864,Schwartz29Doug,0.0,0.0,0,no change
863,PatriotJoey,0.0,0.0,0,no change
862,gopbs,0.0,0.0,0,no change
861,mattncarole,0.0,0.0,0,no change
860,FierceCheerMom,0.0,0.0,0,no change
859,OfConnell,0.0,0.0,0,no change
858,smyeagley,0.0,0.0,0,no change
857,Adan_040,0.0,0.0,0,no change
856,rperkins8503,0.0,0.0,0,no change
855,BachelorJanice,0.0,0.0,0,no change
854,hateisevil,0.0,0.0,0,no change
853,DomainFact,0.0,0.0,0,no change
852,GVeritatis,0.0,0.0,0,no change
851,cbjw1961,0.0,0.0,0,no change
850,ForHangovers,0.0,0.0,0,no change
849,willowrain44,0.0,0.0,0,no change
848,monashouse,0.0,0.0,0,no change
867,Marc5758,0.0,0.0,0,no change
869,gotgiveawayinfo,0.0,0.0,0,no change
846,America24765748,0.0,0.0,0,no change
870,BlakeElvira,0.0,0.0,0,no change
889,robertcoggins,0.0,0.0,0,no change
888,ChrisTh55003384,0.0,0.0,0,no change
887,Algofriends,0.0,0.0,0,no change
886,RetailRosie,0.0,0.0,0,no change
885,Vlahkmaak,0.0,0.0,0,no change
884,Francis_Hoar,0.0,0.0,0,no change
1008,AlexBerenson,0.0,0.0,0,no change
882,TownsendSnyder,0.0,0.0,0,no change
881,tbarrongentry,0.0,0.0,0,no change
880,arlene_muhammad,0.0,0.0,0,no change
879,vicky_arterburn,0.0,0.0,0,no change
878,Chill100K,0.0,0.0,0,no change
877,MickMadlee,0.0,0.0,0,no change
876,Candice11845161,0.0,0.0,0,no change
875,indianamachine,0.0,0.0,0,no change
874,OmShanti1504,0.0,0.0,0,no change
873,OCA_Mens,0.0,0.0,0,no change
872,gandawahine,0.0,0.0,0,no change
871,wordmanken,0.0,0.0,0,no change
847,bookworm101010,0.0,0.0,0,no change
845,CalmTrailblazer,0.0,0.0,0,no change
801,odin_wrath,0.0,0.0,0,no change
822,LornArtcraft,0.0,0.0,0,no change
820,thewalkinfred,0.0,0.0,0,no change
819,TimJ3148,0.0,0.0,0,no change
818,phweber1,0.0,0.0,0,no change
817,KnockedSouth,0.0,0.0,0,no change
816,Ken22691813,0.0,0.0,0,no change
815,simulanics,0.0,0.0,0,no change
814,jujuwren_jenny,0.0,0.0,0,no change
813,angelrn37,0.0,0.0,0,no change
812,corahbrooke,0.0,0.0,0,no change
811,usa_maine_usa,0.0,0.0,0,no change
810,Oldgloryfighter,0.0,0.0,0,no change
809,cat_bair,0.0,0.0,0,no change
808,bunnycanhop,0.0,0.0,0,no change
807,SnowGoddessLor1,0.0,0.0,0,no change
806,NIZOLIE,0.0,0.0,0,no change
805,MirabelloChris,0.0,0.0,0,no change
804,GetInTheGreen,0.0,0.0,0,no change
803,ejayjones492,0.0,0.0,0,no change
802,RapSheet,0.0,0.0,0,no change
821,BobSmit21221700,0.0,0.0,0,no change
823,ArmywifeDi,0.0,0.0,0,no change
844,SoxChic7,0.0,0.0,0,no change
824,Jennife66875131,0.0,0.0,0,no change
843,H2H32004,0.0,0.0,0,no change
842,navyjax2,0.0,0.0,0,no change
841,wil99224839,0.0,0.0,0,no change
840,jcams11,0.0,0.0,0,no change
839,TruthSe04504704,0.0,0.0,0,no change
838,sawyer_jayne,0.0,0.0,0,no change
837,SThing,0.0,0.0,0,no change
836,GerhardtPorras,0.0,0.0,0,no change
835,DrewSch29552274,0.0,0.0,0,no change
834,WillN0tC0mply,0.0,0.0,0,no change
833,PeterJHameline,0.0,0.0,0,no change
832,FloreFlos,0.0,0.0,0,no change
831,imheavyweight,0.0,0.0,0,no change
830,Georgehn1,0.0,0.0,0,no change
829,MC18476241,0.0,0.0,0,no change
828,jennydemaria,0.0,0.0,0,no change
827,TartanKino,0.0,0.0,0,no change
826,Jess12314246855,0.0,0.0,0,no change
825,mariazak18,0.0,0.0,0,no change
883,pjhlaw,0.0,0.0,0,no change
1043,MissVs0000,0.0,0.0,0,no change
1010,BizarreProducts,0.0,0.0,0,no change
1263,dorismyoung,0.0,0.0,0,no change
1270,stevebob4212,0.0,0.0,0,no change
1269,PaulaLile,0.0,0.0,0,no change
1268,RamonSalazar_95,0.0,0.0,0,no change
1267,MyPresident_45,0.0,0.0,0,no change
1266,b0ngl3t0pp3r,0.0,0.0,0,no change
1265,XRP_moonlanding,0.0,0.0,0,no change
1264,yuliedorado,0.0,0.0,0,no change
1262,roberto_santell,0.0,0.0,0,no change
1272,vlv814,0.0,0.0,0,no change
1261,DGDPurpleReign,0.0,0.0,0,no change
1260,jimmylegs14,0.0,0.0,0,no change
1259,DanielChgel,0.0,0.0,0,no change
1258,edwardo_davila,0.0,0.0,0,no change
1257,nomeeli,0.0,0.0,0,no change
1256,SoniCubed,0.0,0.0,0,no change
1255,need_unity,0.0,0.0,0,no change
1271,fvbirder,0.0,0.0,0,no change
1273,OzzieBarreto,0.0,0.0,0,no change
1253,Pmbavenir53,0.0,0.0,0,no change
1283,Redwwred,0.0,0.0,0,no change
1291,Rockenjud,0.0,0.0,0,no change
1290,maggiebattlesxo,0.0,0.0,0,no change
1289,trumpvidio,0.0,0.0,0,no change
1287,hugfluffy,0.0,0.0,0,no change
1286,LeesyleesyA,0.0,0.0,0,no change
1285,luciano49437290,0.0,0.0,0,no change
1284,ErnestoJBonilla,0.0,0.0,0,no change
1282,DonaldJTrumpJr,0.0,0.0,0,no change
1274,Pagnamf,0.0,0.0,0,no change
1281,MELANIATRUMP,0.0,0.0,0,no change
1280,raim_LOVEazuki7,0.0,0.0,0,no change
1279,Lawrenc9625674,0.0,0.0,0,no change
1278,Tiger202114,0.0,0.0,0,no change
1277,Viola66807504,0.0,0.0,0,no change
1276,franchrismaf,0.0,0.0,0,no change
1275,kellytang77,0.0,0.0,0,no change
1254,Sam95686993,0.0,0.0,0,no change
1252,LanzerMargit,0.0,0.0,0,no change
1011,LesterHoltNBC,0.0,0.0,0,no change
1223,plurry2,0.0,0.0,0,no change
1230,proud452,0.0,0.0,0,no change
1229,lucianaleandrol,0.0,0.0,0,no change
1228,donnajking5,0.0,0.0,0,no change
1227,Meditation1965_,0.0,0.0,0,no change
1226,lagosfinest,0.0,0.0,0,no change
1225,bigmomma453,0.0,0.0,0,no change
1224,AlexUsername4,0.0,0.0,0,no change
1222,LaDawnWeeks2,0.0,0.0,0,no change
1232,JanetPinnella,0.0,0.0,0,no change
1221,phr117,0.0,0.0,0,no change
1220,moeaz6,0.0,0.0,0,no change
1219,SharonFerrer19,0.0,0.0,0,no change
1218,dones65,0.0,0.0,0,no change
1217,Solomon07497901,0.0,0.0,0,no change
1216,HSG85777952,0.0,0.0,0,no change
1215,dszuster1,0.0,0.0,0,no change
1231,Ryan88333248,0.0,0.0,0,no change
1233,RafaelM84660386,0.0,0.0,0,no change
1251,MichaelSAdcock,0.0,0.0,0,no change
1243,Larryadam16,0.0,0.0,0,no change
1250,onuduoha,0.0,0.0,0,no change
1249,FlooritHammer,0.0,0.0,0,no change
1248,desmond185,0.0,0.0,0,no change
1247,phantom00589562,0.0,0.0,0,no change
1246,HawaiiChief2013,0.0,0.0,0,no change
1245,pkrueger1959,0.0,0.0,0,no change
1244,MIGUEL1969,0.0,0.0,0,no change
1242,dead_now_2021,0.0,0.0,0,no change
1234,xyan1061,0.0,0.0,0,no change
1241,JoP_userworld,0.0,0.0,0,no change
1240,plaroch,0.0,0.0,0,no change
1239,JackieTodd411,0.0,0.0,0,no change
1238,ApostleofPaul,0.0,0.0,0,no change
1237,dantevos95,0.0,0.0,0,no change
1236,michaelarnoldjr,0.0,0.0,0,no change
1235,Mel61502591,0.0,0.0,0,no change
1292,Marley20278163,0.0,0.0,0,no change
1293,ZalinskyS,0.0,0.0,0,no change
1294,anitajader,0.0,0.0,0,no change
1343,mcuban,0.0,0.0,0,no change
1350,stratospher_es,0.0,0.0,0,no change
1349,AlecBaldwin,0.0,0.0,0,no change
1348,yesmam47,0.0,0.0,0,no change
1347,KattyKay_,0.0,0.0,0,no change
1346,markmillward5,0.0,0.0,0,no change
1345,JReturns3,0.0,0.0,0,no change
1344,AdrienneLaF,0.0,0.0,0,no change
1342,JeBirdTweets,0.0,0.0,0,no change
1353,dmcguire05,0.0,0.0,0,no change
1341,JoyHenningsenMD,0.0,0.0,0,no change
1340,sarcastic_tara,0.0,0.0,0,no change
1339,PolitiBunny,0.0,0.0,0,no change
1338,singmolly4,0.0,0.0,0,no change
1337,eminently_me5,0.0,0.0,0,no change
1336,REMASCULATE,0.0,0.0,0,no change
1335,willfast,0.0,0.0,0,no change
1352,Kukicat7,0.0,0.0,0,no change
1354,EricaRHill,0.0,0.0,0,no change
1295,MJeanDancer,0.0,0.0,0,no change
1365,CarlosA72411359,0.0,0.0,0,no change
1372,AndreaOMag,0.0,0.0,0,no change
1371,aall0504,0.0,0.0,0,no change
1370,gamaconstrucoes,0.0,0.0,0,no change
1369,suelymo41592882,0.0,0.0,0,no change
1368,APC1965,0.0,0.0,0,no change
1367,batalau,0.0,0.0,0,no change
1366,tchelonando,0.0,0.0,0,no change
1364,Silvana81899871,0.0,0.0,0,no change
1355,Woman_of_Steele,0.0,0.0,0,no change
1363,vejaocentro,0.0,0.0,0,no change
1362,mila_sayuri,0.0,0.0,0,no change
1361,legendovideos,0.0,0.0,0,no change
1360,RAUDIRAUDI,0.0,0.0,0,no change
1359,cpso_ca,0.0,0.0,0,no change
1357,CAMHnews,0.0,0.0,0,no change
1356,j_g_allen,0.0,0.0,0,no change
1334,ProgressTroll,0.0,0.0,0,no change
1333,Kubek_St,0.0,0.0,0,no change
1332,missanarchyk,0.0,0.0,0,no change
1304,JohnZilli,0.0,0.0,0,no change
1311,Jan_20_2021,0.0,0.0,0,no change
1310,FOX19Tricia,0.0,0.0,0,no change
1309,crypto_mb83,0.0,0.0,0,no change
1308,corepunch,0.0,0.0,0,no change
1307,Testing11311,0.0,0.0,0,no change
1306,WantToCtheWorld,0.0,0.0,0,no change
1305,BuckyFrancis,0.0,0.0,0,no change
1303,MelissaSweetDr,0.0,0.0,0,no change
1331,Roman90533412,0.0,0.0,0,no change
1302,JacqEHoward,0.0,0.0,0,no change
1301,CroakeyNews,0.0,0.0,0,no change
1300,Loftus,0.0,0.0,0,no change
1299,jonathanrockoff,0.0,0.0,0,no change
1298,SecBecerra,0.0,0.0,0,no change
1297,dkhnguess,0.0,0.0,0,no change
1296,David32856757,0.0,0.0,0,no change
1312,PensiveTM,0.0,0.0,0,no change
1313,mx_isa,0.0,0.0,0,no change
1314,fantasyhog2010,0.0,0.0,0,no change
1315,nott1971,0.0,0.0,0,no change
1330,ThePolyLife,0.0,0.0,0,no change
1329,ChmielMaciej,0.0,0.0,0,no change
1328,apoorva_nyc,0.0,0.0,0,no change
1327,matylet,0.0,0.0,0,no change
1326,mille16246,0.0,0.0,0,no change
1325,DonCryptoDraper,0.0,0.0,0,no change
1324,PeteGDunne,0.0,0.0,0,no change
1323,BKM006,0.0,0.0,0,no change
1322,EnduranceDriver,0.0,0.0,0,no change
1321,BJSmithIEEE,0.0,0.0,0,no change
1320,Oscillatting,0.0,0.0,0,no change
1319,WheresTheTruth3,0.0,0.0,0,no change
1318,lynnluvsbeach,0.0,0.0,0,no change
1317,Theresa26048595,0.0,0.0,0,no change
1316,AnnetteRockwe10,0.0,0.0,0,no change
1214,foggie_marcia,0.0,0.0,0,no change
1213,Burgos8ana,0.0,0.0,0,no change
1212,DMDicarlo,0.0,0.0,0,no change
1068,PP26108839,0.0,0.0,0,no change
1075,DebandezScott,0.0,0.0,0,no change
1074,HelterS05050764,0.0,0.0,0,no change
1073,Spirit93905700,0.0,0.0,0,no change
1072,Bruce44999894,0.0,0.0,0,no change
1071,Huongsilei_2020,0.0,0.0,0,no change
1070,RachelRui2,0.0,0.0,0,no change
1069,angaventure,0.0,0.0,0,no change
1067,199041784,0.0,0.0,0,no change
1078,bballengland,0.0,0.0,0,no change
1066,Peter_Guan2018,0.0,0.0,0,no change
1064,xYsfknBXPT6M0jo,0.0,0.0,0,no change
1063,Chan7614,0.0,0.0,0,no change
1062,avokasianssi,0.0,0.0,0,no change
1061,HendrikMulder9,0.0,0.0,0,no change
1060,annietime,0.0,0.0,0,no change
1059,EduartXie,0.0,0.0,0,no change
1076,lildutchgirl1,0.0,0.0,0,no change
1080,M_Raggamuffin,0.0,0.0,0,no change
1107,OGSparklezz,0.0,0.0,0,no change
1098,sprinkle4k,0.0,0.0,0,no change
1105,Ramshaofficial,0.0004130046566540465,0.0005442667056900361,0,increase
1104,RedMerseyman,0.0,0.0,0,no change
1103,zebslc,0.0,0.0,0,no change
1102,treehousetim,0.0,0.0,0,no change
1101,supergranlinz,0.0,0.0,0,no change
1100,fulton_adrianna,0.0,0.0,0,no change
1099,AJNovaScotia,0.0,0.0,0,no change
1095,goodfoodgal,0.0,0.0,0,no change
1083,lt_winslow,0.0,0.0,0,no change
1094,aubrey_huff,0.0,0.0,0,no change
1093,DBrodyReports,0.0,0.0,0,no change
1092,m4ttmc87,0.0,0.0,0,no change
1090,GlobalEdmonton,0.0,0.0,0,no change
1088,Michael18351759,0.0,0.0,0,no change
1086,TheValuesVoter,0.0,0.0,0,no change
1085,ToneVays,0.0,0.0,0,no change
1058,Cryptostocknl,0.0,0.0,0,no change
1057,Louis41435665,0.0,0.0,0,no change
1056,Jean70748068,0.0,0.0,0,no change
1022,DrNeilStone,7.962814716980331e-07,1.7038075612148517e-06,0,increase
1031,jb_shoemaker,0.0,0.0,0,no change
1030,districtai,0.0,0.0,0,no change
1029,SteveNixon33,0.0,0.0,0,no change
1027,Elex_Michaelson,0.0,0.0,0,no change
1026,ASTONELANTA,0.0,0.0,0,no change
1024,DrLindaDykes,7.962814716980331e-07,1.7038075612148517e-06,0,increase
1023,neety41,7.962814716980331e-07,1.7038075612148517e-06,0,increase
1020,Trident432,7.962814716980331e-07,1.7038075612148517e-06,0,increase
1055,Tinplayer,0.0,0.0,0,no change
1019,SanitaryBlumkin,0.0,0.0,0,no change
1018,EricEcbaker4,0.0,0.0,0,no change
1017,RealCandaceO,0.0,0.0,0,no change
1016,SasUchiha90,0.0,0.0,0,no change
1015,AndrewMarr9,0.0,0.0,0,no change
1014,mariannaspring,0.0,0.0,0,no change
1012,wobblemovement,0.0,0.0,0,no change
1032,narinos,0.0,0.0,0,no change
1034,melihergen,0.0,0.0,0,no change
1035,ibrahim_ka1982,0.0,0.0,0,no change
1036,mimozdemiryemre,0.0,0.0,0,no change
1054,BosmanMarion,0.0,0.0,0,no change
1053,gavi,0.0,0.0,0,no change
1052,NHS,0.0,0.0,0,no change
1051,AstraZeneca,0.0,0.0,0,no change
1050,TobyonTV,0.0,0.0,0,no change
1049,MatthewStadlen,0.0,0.0,0,no change
1047,robpowellnews,0.0,0.0,0,no change
1046,SardiTrump,0.0,0.0,0,no change
1045,palmke99,0.0,0.0,0,no change
706,MelanieWdwrth,0.0,0.0,0,no change
1041,SariHeinonen5,0.0,0.0,0,no change
1040,Mehmetali_Onel,0.0,0.0,0,no change
1039,FakePandemi1,0.0,0.0,0,no change
1038,ProfSFindik,0.0,0.0,0,no change
1037,cgfuzuli,0.0,0.0,0,no change
1106,drea_ams,0.0,0.0,0,no change
1108,RyanXander3,0.0,0.0,0,no change
1211,fjmartinez48,0.0,0.0,0,no change
1179,joyceacole4,0.0,0.0,0,no change
1188,UncleHotep,0.0,0.0,0,no change
1185,Brodawillsit,0.0,0.0,0,no change
1184,Giantcanadian2,0.0,0.0,0,no change
1183,AllCanadian7,0.0,0.0,0,no change
1182,Covid_1984_,0.0,0.0,0,no change
1181,MarvinMeltdown,0.0,0.0,0,no change
1180,CathySalmons,0.0,0.0,0,no change
1178,eb4prez,0.0,0.0,0,no change
1191,FRANCISCOJZAPPI,0.0,0.0,0,no change
1177,JosieStem,0.0,0.0,0,no change
1175,Teodrose_Fikre,0.0,0.0,0,no change
1174,DrMikeWGill,0.0,0.0,0,no change
1173,merja_rantala,0.0,0.0,0,no change
1172,rwjdingwall,0.0,0.0,0,no change
1171,SaikaTuomi,0.0,0.0,0,no change
1169,GidMK,0.0,0.0,0,no change
1189,Mcybibe,0.0,0.0,0,no change
1192,rudelarosa05,0.0,0.0,0,no change
1109,vivArtem,0.0,0.0,0,no change
1203,cwmcclelland,0.0,0.0,0,no change
1210,Anthony78472040,0.0,0.0,0,no change
1209,ramesk468,0.0,0.0,0,no change
1208,dannaAtkinson3,0.0,0.0,0,no change
1207,MAGAFRV,0.0,0.0,0,no change
1206,GrimKeeper_,0.0,0.0,0,no change
1205,mimi120812,0.0,0.0,0,no change
1204,jeanetteschwei3,0.0,0.0,0,no change
1202,LifeMat61284049,0.0,0.0,0,no change
1193,bone00afide,0.0,0.0,0,no change
1201,Castle55958017,0.0,0.0,0,no change
1200,ScorpioMrzFrog,0.0,0.0,0,no change
1199,oneilllacrosse,0.0,0.0,0,no change
1198,johnnyBe_Free,0.0,0.0,0,no change
1197,pathgirlee24601,0.0,0.0,0,no change
1196,Overit83272686,0.0,0.0,0,no change
1195,justint98137329,0.0,0.0,0,no change
1167,AgainstKookery,0.0,0.0,0,no change
1165,AnnukkaMeronen,0.0,0.0,0,no change
1164,GremGrem451,0.0,0.0,0,no change
1121,WendyAtTheBay,0.0,0.0,0,no change
1131,wto,0.0,0.0,0,no change
1130,ChelseaClinton,0.0,0.0,0,no change
1129,JackPosobiec,0.0,0.0,0,no change
1128,6beauty9,0.0,0.0,0,no change
1127,KarenLe49363379,0.0,0.0,0,no change
1124,citronpoet1,0.0,0.0,0,no change
1123,Susisu31346010,0.0,0.0,0,no change
1120,BillyBaldwin,0.0,0.0,0,no change
1163,glenatandre,0.0,0.0,0,no change
1119,nathanfletcher,0.0,0.0,0,no change
1118,bungeeallday,0.0,0.0,0,no change
1117,MDHHS_CME,0.0,0.0,0,no change
1116,JasonOverstreet,0.0,0.0,0,no change
1115,iamgabesanchez,0.0,0.0,0,no change
1114,hyemom10,0.0,0.0,0,no change
1111,traveljunkie007,0.0,0.0,0,no change
1132,S_ArtHistory,0.0,0.0,0,no change
1133,juliaoftoronto,0.0,0.0,0,no change
1134,HelenBranswell,0.0,0.0,0,no change
1135,natashaloder,0.0,0.0,0,no change
1162,aragon_jb,0.0,0.0,0,no change
1160,polstlr,0.0,0.0,0,no change
1157,spatchcock603,0.0,0.0,0,no change
1156,hartl73516271,0.0,0.0,0,no change
1155,gust0li0,0.0,0.0,0,no change
1154,InsideTheInsid1,0.0,0.0,0,no change
1153,igb,0.0,0.0,0,no change
1151,ianbrown,0.0,0.0,0,no change
1149,Flamingberryeee,0.0,0.0,0,no change
1146,HoeyberghsJeff,0.0,0.0,0,no change
1144,SteffenSrensen5,0.0,0.0,0,no change
1142,DanmarkVagner,0.0,0.0,0,no change
1140,zelc88,0.0,0.0,0,no change
1139,bucketwoman0,0.0,0.0,0,no change
1137,RealM1SC,0.0,0.0,0,no change
707,AlanCopperman,0.0,0.0,0,no change
687,unhealthytruth,0.003244581570012252,0.005299419557467843,0,increase
705,MountSinaiNYC,0.0,0.0,0,no change
235,disclosetv,0.0,0.0,0,no change
233,ThorDeplorable,0.0,0.0,0,no change
231,KarenKobel,0.0,0.0,0,no change
230,2youWlove,0.0,0.0,0,no change
229,VisennaAtzlee,0.0,0.0,0,no change
228,megabitePetFood,0.0,0.0,0,no change
227,L4L_UK,0.0,0.0,0,no change
226,GoodLawProject,0.0,0.0,0,no change
225,Jayneybug,0.0,0.0,0,no change
224,GIyowhi,0.0,0.0,0,no change
223,mkhealnaturally,0.0,0.0,0,no change
222,kimblt01,0.0,0.0,0,no change
221,jguimara1010,0.0,0.0,0,no change
220,Midnigh21917722,0.0,0.0,0,no change
219,Mountaingirl4e1,0.0,0.0,0,no change
218,Terese39277524,0.0,0.0,0,no change
217,kirbempire,0.0,0.0,0,no change
216,grew_tom,0.0,0.0,0,no change
234,realDonaldPumpz,0.0,0.0,0,no change
236,JoeBiden,0.0,0.0,0,no change
214,Mississippi_son,0.0,0.0,0,no change
237,kylegriffin1,0.0,0.0,0,no change
257,KitTraverse,0.0,0.0,0,no change
256,kathymi71147962,0.0,0.0,0,no change
255,KristiNoem,0.0,0.0,0,no change
254,amyklobuchar,0.0,0.0,0,no change
253,Madisox43,0.0,0.0,0,no change
252,SportsPro,0.0,0.0,0,no change
251,dansiddiqui,0.0,0.0,0,no change
250,KJP46,0.0,0.0,0,no change
249,Fynnderella1,0.0,0.0,0,no change
248,KMunoz46,0.0,0.0,0,no change
246,Katiejones672,0.0,0.0,0,no change
245,ByronYork,0.0,0.0,0,no change
243,FoxNews,0.0,0.0,0,no change
242,Mediaite,0.0,0.0,0,no change
241,healer_34,0.0,0.0,0,no change
239,billpeduto,0.0,0.0,0,no change
238,john_jakester,0.0,0.0,0,no change
215,AusbornCarol,0.0,0.0,0,no change
213,LeslieUngar,0.0,0.0,0,no change
259,njdotcom,0.0,0.0,0,no change
192,HotyLord,0.0,0.0,0,no change
190,realalimah,0.0,0.0,0,no change
188,rivermanbuddy,0.0,0.0,0,no change
187,KelvinH40415628,0.0,0.0,0,no change
186,DiannaPrays7,0.0,0.0,0,no change
185,phi11yref,0.0,0.0,0,no change
184,cpredcom,0.0,0.0,0,no change
183,RdgdStudio,0.0,0.0,0,no change
182,Hirschwriter,0.0,0.0,0,no change
181,DeannaBychich,0.0,0.0,0,no change
180,DonnaB112275,0.0,0.0,0,no change
179,HighWireTalk,0.0,0.0,0,no change
178,larrybr81485483,0.0,0.0,0,no change
177,Nancy76400574,0.0,0.0,0,no change
176,MTrevitch,0.0,0.0,0,no change
175,GuntherEagleman,0.0,0.0,0,no change
174,LdonneLibby,0.0,0.0,0,no change
173,sincitydragon,0.0,0.0,0,no change
191,marshagr52,0.0,0.0,0,no change
193,crystalhicks525,0.0,0.0,0,no change
212,NancyWoo74,0.0,0.0,0,no change
194,danoart10,0.0,0.0,0,no change
211,JetThisWay1,0.0,0.0,0,no change
210,pickens_leon,0.0,0.0,0,no change
209,MarkLoranger3,0.0,0.0,0,no change
208,dix_onthe_brain,0.0,0.0,0,no change
207,DonnaGonthier,0.0,0.0,0,no change
206,FallenFather,0.0,0.0,0,no change
205,arn_thomas,0.0,0.0,0,no change
204,Kryz_tel17,0.0,0.0,0,no change
203,VincenzoCrypto1,0.0,0.0,0,no change
202,JAMES_HARRlSON,0.0,0.0,0,no change
201,BegleyBig,0.0,0.0,0,no change
200,BNic61,0.0,0.0,0,no change
199,Georginbrinkly,0.0,0.0,0,no change
198,Joyce94287796,0.0,0.0,0,no change
197,gracejohnmom,0.0,0.0,0,no change
196,sb_vickers,0.0,0.0,0,no change
195,karenme36378896,0.0,0.0,0,no change
258,MagaDeltaCombo,0.0,0.0,0,no change
260,RosieDimples90,0.0,0.0,0,no change
704,DrHirschfield,0.0,0.0,0,no change
331,redpilled101,0.0,0.0,0,no change
329,MarsPioneer,0.0,0.0,0,no change
328,cole_davesc66,0.0,0.0,0,no change
327,mojos55,0.0,0.0,0,no change
326,SvD,0.0,0.0,0,no change
325,TheEconomist,0.0,0.0,0,no change
324,StrictlyChristo,0.0,0.0,0,no change
323,Renzigjasl,0.0,0.0,0,no change
322,CathyGraphics2,0.0,0.0,0,no change
321,KUSINews,0.0,0.0,0,no change
320,WOODTV,0.0,0.0,0,no change
319,MLive,0.0,0.0,0,no change
318,DeathMetalV,0.0,0.0,0,no change
317,TimesofIsrael,0.0,0.0,0,no change
316,rowdyyates300,0.0,0.0,0,no change
315,evenoxmyx,0.0,0.0,0,no change
314,stezia7,0.0,0.0,0,no change
313,SimmonsTaniqua,0.0,0.0,0,no change
330,MPDerekSloan,0.0,0.0,0,no change
332,DarrenPlymouth,0.0,0.0,0,no change
311,dritanb75,0.0,0.0,0,no change
333,Nieuwsblad_be,0.0,0.0,0,no change
353,Parthlan,0.0,0.0,0,no change
352,redswirll,0.0,0.0,0,no change
351,DMDAnGeL3,0.0,0.0,0,no change
350,izo15892778,0.0,0.0,0,no change
348,LewtonSerena5,0.0,0.0,0,no change
346,GashForCongress,0.0,0.0,0,no change
345,tvnnoticias,0.0,0.0,0,no change
344,HerdImmunity12,0.0,0.0,0,no change
343,JenniferNOTL,0.0,0.0,0,no change
342,camus37,0.0,0.0,0,no change
341,SenRonJohnson,0.0,0.0,0,no change
340,JohnSta04243440,0.0,0.0,0,no change
338,FABRIC09757247,0.0,0.0,0,no change
337,franceinfo,0.0,0.0,0,no change
336,hkdave75,0.0,0.0,0,no change
335,hermans_sophie,0.0,0.0,0,no change
334,GailMaga,0.0,0.0,0,no change
312,BenNZett,0.0,0.0,0,no change
310,MaskedResister1,0.0,0.0,0,no change
261,pip_reaper,0.0,0.0,0,no change
286,BorisJohnson,0.0,0.0,0,no change
284,oude_lap,0.0,0.0,0,no change
283,HuhtaAnnika,0.0,0.0,0,no change
282,5gvirusnewss,0.0,0.0,0,no change
281,Drealstudmuffin,0.0,0.0,0,no change
280,TeamMaga45,0.0,0.0,0,no change
279,photobyluke,0.0,0.0,0,no change
278,realsusanalbers,0.0,0.0,0,no change
275,BBCHughPym,0.0,0.0,0,no change
273,NBCNightlyNews,0.0,0.0,0,no change
270,MicheleRivasi,0.0,0.0,0,no change
269,MartinBlachier,0.0,0.0,0,no change
268,adspe_officiel,0.0,0.0,0,no change
267,CNEWS,0.0,0.0,0,no change
266,morandiniblog,0.0,0.0,0,no change
265,PascalPraud,0.0,0.0,0,no change
264,24hPujadas,0.0,0.0,0,no change
263,Slate,0.0,0.0,0,no change
285,maryfloor,0.0,0.0,0,no change
287,RishiSunak,0.0,0.0,0,no change
309,sallytca,0.0,0.0,0,no change
288,Kevin_Maguire,0.0,0.0,0,no change
308,HarrenGWarding,0.0,0.0,0,no change
307,DFred57,1.274050354716853e-05,2.0078874587042036e-05,0,increase
306,anyone_famous,0.0,0.0,0,no change
305,Rr10151,0.0,0.0,0,no change
303,Commonc09717716,0.0,0.0,0,no change
302,gayaskandakumar,0.0,0.0,0,no change
301,DEC762,0.0,0.0,0,no change
300,baillieisapunk1,0.0,0.0,0,no change
299,JoujouChris,0.0,0.0,0,no change
298,Butchykid1,0.0,0.0,0,no change
296,ChrisWh11261958,0.0,0.0,0,no change
295,MarvinRJeffcoat,0.0,0.0,0,no change
294,jedeites,0.0,0.0,0,no change
293,OnenorthYaxilee,0.0,0.0,0,no change
292,EelcoBB,0.0,0.0,0,no change
291,MartinOpjeRadio,0.0,0.0,0,no change
289,Nelliejs501,0.0,0.0,0,no change
172,BarbershopDR,0.0,0.0,0,no change
171,italia_patriot,0.0,0.0,0,no change
170,PatriotSera,0.0,0.0,0,no change
64,GovRonDeSantis,0.0,0.0,0,no change
62,TheM0dalice,0.0,0.0,0,no change
61,RanRan33764306,0.0,0.0,0,no change
60,ronnoconiv,0.0,0.0,0,no change
59,JamesManni2,0.0,0.0,0,no change
58,mrdkoser,0.0,0.0,0,no change
57,MSNBC,0.0,0.0,0,no change
56,Popehat,0.0,0.0,0,no change
55,NewsGuyGreg,0.0,0.0,0,no change
54,HP_DarthMaul,0.0,0.0,0,no change
53,cbaccus,0.0,0.0,0,no change
52,tr6_guy,0.0,0.0,0,no change
51,RWMaloneMD,0.0,0.0,0,no change
50,MeetThePress,0.0,0.0,0,no change
49,DoctorsOfBC,0.0,0.0,0,no change
48,chrislhayes,0.0,0.0,0,no change
47,brianstelter,0.0,0.0,0,no change
46,literaryeric,0.0,0.0,0,no change
63,nytimes,0.0,0.0,0,no change
65,PoughYolonda,0.0,0.0,0,no change
44,silo_hr,0.0,0.0,0,no change
66,Reuters,0.0,0.0,0,no change
84,GovTimWalz,0.0,0.0,0,no change
83,nypost,0.0,0.0,0,no change
82,Caleb55159410,0.0,0.0,0,no change
81,GarryHaney4,0.0,0.0,0,no change
80,highstockss,0.0,0.0,0,no change
79,opsoms,0.0,0.0,0,no change
78,WHOEMRO,0.0,0.0,0,no change
77,WHOWPRO,0.0,0.0,0,no change
76,HurricaneA10,0.0,0.0,0,no change
75,WHO_Europe,0.0,0.0,0,no change
74,CellCellPress,0.0,0.0,0,no change
73,EricTopol,0.0,0.0,0,no change
72,bfialek,0.0,0.0,0,no change
71,wirtualnapolska,0.0,0.0,0,no change
70,Teresa12369786,0.0,0.0,0,no change
69,BBCWorld,0.0,0.0,0,no change
68,behemoth_mark,0.0,0.0,0,no change
45,HerbsandDirt,0.0,0.0,0,no change
43,johnhawkinsrwn,0.0,0.0,0,no change
169,P8R1OT_2,0.0,0.0,0,no change
21,petemcmartin,0.0,0.0,0,no change
19,sinfoid,0.0,0.0,0,no change
18,absolute_phil,0.0,0.0,0,no change
17,katspjz,0.0,0.0,0,no change
16,DrTomFrieden,0.0,0.0,0,no change
15,CMOH_Alberta,0.0,0.0,0,no change
14,whydidicomeback,0.0,0.0,0,no change
13,ElectPhoney,0.0,0.0,0,no change
12,viewsfordays,0.0,0.0,0,no change
11,pushing_0,0.0,0.0,0,no change
10,NorrinR06303580,0.0,0.0,0,no change
9,imhopolitical,0.0,0.0,0,no change
8,Carol64653456,0.0,0.0,0,no change
7,evolv67,0.0,0.0,0,no change
5,CDCDirector,0.0,0.0,0,no change
4,CNN,0.00015394775119495307,0.00025075460278130713,0,increase
3,US_FDA,0.0,0.0,0,no change
2,politico,0.0,0.0,0,no change
20,picardonhealth,0.0,0.0,0,no change
22,VancouverSun,0.0,0.0,0,no change
42,life_scifi,0.0,0.0,0,no change
23,SteveWi60622710,0.0,0.0,0,no change
41,CardioFixer,0.0,0.0,0,no change
40,washingtonpost,0.0,0.0,0,no change
39,jdf1188,0.0,0.0,0,no change
38,wadhawan2011,0.0,0.0,0,no change
37,CarolynD72355,0.0,0.0,0,no change
36,AnitaOakville,0.0,0.0,0,no change
35,thisisourshotca,0.0,0.0,0,no change
34,TPostMillennial,0.0,0.0,0,no change
33,TuckerCarlson,0.0,0.0,0,no change
32,LuceroSerna4,0.0,0.0,0,no change
30,POTUS,0.0,0.0,0,no change
29,ulfsark9,0.0,0.0,0,no change
28,Corona_SSYT,0.0,0.0,0,no change
27,gilsdesk,0.0,0.0,0,no change
26,weplaywithtoys,0.0,0.0,0,no change
25,CBSNews,0.0,0.0,0,no change
24,shanny2137,0.0,0.0,0,no change
86,RollingStone,0.0,0.0,0,no change
87,FaceTheNation,0.0,0.0,0,no change
88,UtdBarney,0.0,0.0,0,no change
149,pfizer,0.0,0.0,0,no change
147,dmdcash,0.0,0.0,0,no change
146,NBCNews,0.0,0.0,0,no change
145,WorldCOVID19,0.0,0.0,0,no change
144,plnalways,0.0,0.0,0,no change
143,FrankLuntz,0.0,0.0,0,no change
142,Trump07,0.0,0.0,0,no change
141,USATRUMPMAN1,0.0,0.0,0,no change
140,HalcyonCat,0.0,0.0,0,no change
139,HellOnHeels2020,0.0,0.0,0,no change
138,ScoJo760,0.0,0.0,0,no change
137,Bishop96991058,0.0,0.0,0,no change
136,NBCOlympics,0.0,0.0,0,no change
135,MarJeanSolo,0.0,0.0,0,no change
134,sexygirl798,0.0,0.0,0,no change
133,SRichards0228,0.0,0.0,0,no change
132,beadacratiain,0.0,0.0,0,no change
131,FinancialTimes,0.0,0.0,0,no change
148,bamafan246,0.0,0.0,0,no change
150,BillOReilly,0.0,0.0,0,no change
89,Hezbo3,0.0,0.0,0,no change
151,JNJGlobalHealth,0.0,0.0,0,no change
168,carewiener,0.0,0.0,0,no change
167,SeanFulce2040,0.0,0.0,0,no change
166,KeithOlbermann,0.0,0.0,0,no change
165,NFL,0.0,0.0,0,no change
164,craigsturf,0.0,0.0,0,no change
163,DeploraBRUISER,0.0,0.0,0,no change
162,SaraVic48153299,0.0,0.0,0,no change
161,leslibless,0.0,0.0,0,no change
160,Runnerson2nd,0.0,0.0,0,no change
159,BlissTabitha,0.0,0.0,0,no change
158,LangmanVince,0.0,0.0,0,no change
157,getmoney_5469,0.0,0.0,0,no change
156,WaveyWestcoast,0.0,0.0,0,no change
155,BrendaLeeNY,0.0,0.0,0,no change
154,Jim_Jordan,0.0,0.0,0,no change
153,Mov_again,0.0,0.0,0,no change
152,johnrobertsFox,0.0,0.0,0,no change
130,CD6Nury,0.0,0.0,0,no change
129,NYCMayor,0.0,0.0,0,no change
128,shakeshack,0.0,0.0,0,no change
127,thatswhatsup333,0.0,0.0,0,no change
106,trapperjohn151,0.0,0.0,0,no change
105,Parislll,0.0,0.0,0,no change
104,EpochTimes,0.0,0.0,0,no change
103,MyMomSaysImFun1,0.0,0.0,0,no change
102,BreesAnna,0.0,0.0,0,no change
101,CanonTakeMeAway,0.0,0.0,0,no change
100,krccanuck,0.0,0.0,0,no change
99,News12NJ,0.0,0.0,0,no change
98,PostOpinions,0.0,0.0,0,no change
97,Crippsy1969,0.0,0.0,0,no change
96,tone_we,0.0,0.0,0,no change
95,thehill,0.0,0.0,0,no change
94,Jereme45,0.0,0.0,0,no change
93,doublekx3,0.0,0.0,0,no change
92,PressSec,0.0,0.0,0,no change
91,gravelmath,0.0,0.0,0,no change
90,united,0.0,0.0,0,no change
107,DebbieLemieux10,0.0,0.0,0,no change
108,Breaking911,0.0,0.0,0,no change
109,mercola,0.0,0.0,0,no change
119,DrWoodcockFDA,0.0,0.0,0,no change
126,cvspharmacy,0.0,0.0,0,no change
125,WebMD,0.0,0.0,0,no change
124,Tjeerd001,0.0,0.0,0,no change
123,ClaireFosterPHD,0.0,0.0,0,no change
122,JimWoodAD2,0.0,0.0,0,no change
121,benwakana46,0.0,0.0,0,no change
120,JoeDun87079636,0.0,0.0,0,no change
118,TrumpTacos4,0.0,0.0,0,no change
110,sanaayesha__,0.0,0.0,0,no change
117,HaloTink,0.0,0.0,0,no change
116,DCGreenZone1,0.0,0.0,0,no change
115,LynnWal12343534,0.0,0.0,0,no change
114,nan5678,0.0,0.0,0,no change
113,imatrumpgirl,0.0,0.0,0,no change
112,SpringSteps,0.0,0.0,0,no change
111,Hollywood1114,0.0,0.0,0,no change
354,StefanLazar10,0.0,0.0,0,no change
355,maineammoco,0.0,0.0,0,no change
356,Amy87301394,0.0,0.0,0,no change
599,szczepienie,0.0,0.0,0,no change
597,fredgoodfood,0.0,0.0,0,no change
596,TexMex5309,0.0,0.0,0,no change
595,MartinR93984007,0.0,0.0,0,no change
594,Karen22912,0.0,0.0,0,no change
593,akoonce53,0.0,0.0,0,no change
592,trukurt1965,0.0,0.0,0,no change
590,JimmyA_Shook1s,0.0,0.0,0,no change
589,SamSanderson123,0.0,0.0,0,no change
588,kylesellers,0.0,0.0,0,no change
587,RRapier,0.0,0.0,0,no change
586,whathap22506260,0.0,0.0,0,no change
585,drawolak,0.0,0.0,0,no change
584,BCCFP,0.0,0.0,0,no change
583,roccorossiTO,0.0,0.0,0,no change
582,ShariBrooks62,0.0,0.0,0,no change
581,bader_diedrich,0.0,0.0,0,no change
580,Bluemeade7,0.0,0.0,0,no change
598,davoff994_d,0.0,0.0,0,no change
600,pahowho,0.0,0.0,0,no change
578,citynewscalgary,0.0,0.0,0,no change
601,WHOSEARO,0.0,0.0,0,no change
618,AntediLubavitch,0.0,0.0,0,no change
617,abqguy2,0.0,0.0,0,no change
616,TimAlberta,0.0,0.0,0,no change
615,stevemorris__,0.0,0.0,0,no change
614,iskywalkr,0.0,0.0,0,no change
613,LoveEternal444,0.0,0.0,0,no change
612,womanheart,0.0,0.0,0,no change
611,ScottGottliebMD,0.0,0.0,0,no change
610,margbrennan,0.0,0.0,0,no change
609,davidfrum,0.005203433990389413,0.008540549515868872,0,increase
608,donlemon,0.0,0.0,0,no change
607,ChrisCuomo,0.0,0.0,0,no change
606,DonaldJTrump,0.0,0.0,0,no change
605,GBroadcasts,0.0,0.0,0,no change
604,GUTZsse,0.0,0.0,0,no change
603,superbirdman1,0.0,0.0,0,no change
602,WHOAFRO,0.0,0.0,0,no change
579,PeterHotez,0.0,0.0,0,no change
577,JJDigby85,0.0,0.0,0,no change
534,CP24,0.0,0.0,0,no change
556,robsonoa,0.0,0.0,0,no change
554,jbsASantos1,0.0,0.0,0,no change
553,Phr775,0.0,0.0,0,no change
552,cmvmg2011,0.0,0.0,0,no change
551,kleberbg,0.0,0.0,0,no change
550,AureaPinheiro3,0.0,0.0,0,no change
549,marcellocgrj,0.0,0.0,0,no change
548,SigaGazetaBR,0.0,0.0,0,no change
547,Valdecirdelecl1,0.0,0.0,0,no change
546,JornalBSM,0.0,0.0,0,no change
544,nogueiradiego,0.0,0.0,0,no change
543,kamatbp,0.0,0.0,0,no change
542,BigBird,0.0,0.0,0,no change
541,charliekirk11,0.0,0.0,0,no change
540,AutismSyrup,0.0,0.0,0,no change
539,GillianMcKeith,0.0,0.0,0,no change
538,Itrikke41,0.0,0.0,0,no change
537,Popsunderhouse1,0.0,0.0,0,no change
555,CondedeAnjour,0.0,0.0,0,no change
557,liukangil,0.0,0.0,0,no change
576,ZubyMusic,0.0,0.0,0,no change
558,LaliWety,0.0,0.0,0,no change
575,stefcyclops,0.0,0.0,0,no change
574,BeverlyFoy6,0.0,0.0,0,no change
573,queensnycfrank,0.0,0.0,0,no change
572,mushinghuskies,0.0,0.0,0,no change
571,Laurie_Garrett,0.0,0.0,0,no change
570,AttiMagyar,0.0,0.0,0,no change
569,droykk,0.0,0.0,0,no change
568,lauferlaw,0.0,0.0,0,no change
567,UbuntuForever,0.0,0.0,0,no change
566,FangedTwo,0.0,0.0,0,no change
565,masmalinois,0.0,0.0,0,no change
564,leepen_lee,0.0,0.0,0,no change
563,DrEricDing,0.0,0.0,0,no change
562,CBSMornings,0.0,0.0,0,no change
561,KOBAFIRE,0.0,0.0,0,no change
560,selene87729015,0.0,0.0,0,no change
559,EvandroAnastci1,0.0,0.0,0,no change
619,MarkTreyger718,0.0,0.0,0,no change
621,maxima_soy,0.0,0.0,0,no change
622,lisalips4ever40,0.005588834222691261,0.009167520228068705,0,increase
683,VAware1986,0.0,0.0,0,no change
681,critica18495985,0.0,0.0,0,no change
680,mtgreenee,0.0,0.0,0,no change
679,pierce_zimmer,0.0,0.0,0,no change
678,jr_farty,0.0,0.0,0,no change
677,gscool89,0.0,0.0,0,no change
676,JamesLauder12,0.0,0.0,0,no change
675,GavinNewsom,0.0,0.0,0,no change
674,DaisyMurphyIII,0.0,0.0,0,no change
673,KikiwahT,0.0,0.0,0,no change
672,Nesto2019,0.0,0.0,0,no change
671,JessaMooreMedia,0.0,0.0,0,no change
670,TimFullerton,0.0,0.0,0,no change
669,EmM92421128,0.0,0.0,0,no change
668,Cjk857,0.0,0.0,0,no change
667,DrTessaT,0.0,0.0,0,no change
666,AroundTheNFL,0.0,0.0,0,no change
665,noorchashm,0.0,0.0,0,no change
682,Idonotconsent6,0.0,0.0,0,no change
684,OneYearWorld,0.0,0.0,0,no change
623,DrLeanaWen,0.0,0.0,0,no change
685,torobitz,0.0,0.0,0,no change
703,karenellen45,0.0,0.0,0,no change
702,dragonSlayertwo,0.0,0.0,0,no change
701,PamLongCO,0.0,0.0,0,no change
700,ArtValley818_,0.013154569912451506,0.021598056513328988,0,increase
699,Cortez17A,0.0,0.0,0,no change
698,WNYOpenSchools,0.0,0.0,0,no change
697,HammSanchez,0.0,0.0,0,no change
696,drsimonegold,0.017189062702388208,0.028170931675425163,0,increase
695,KopsMiss,0.0,0.0,0,no change
694,davidry98296134,0.0,0.0,0,no change
693,piersmorgan,0.0,0.0,0,no change
692,Carol_Price,0.0,0.0,0,no change
691,NicNacBalmer,0.0,0.0,0,no change
690,Glen50192061,0.0,0.0,0,no change
689,DarlaShine,0.0,0.0,0,no change
688,ConservJean,0.0,0.0,0,no change
686,RichardSchulma5,0.0,0.0,0,no change
664,MikeGiardi,0.0,0.0,0,no change
663,_Mr_Red_Beard,0.0,0.0,0,no change
662,steerstrong,0.0,0.0,0,no change
661,VICENews,0.013000622161256553,0.02136560264188938,0,increase
640,SilentSpring05,0.0,0.0,0,no change
639,stay__there__,0.0,0.0,0,no change
638,basset_james,0.0,0.0,0,no change
637,R1sk_Adjusted,0.0,0.0,0,no change
636,shoe0nhead,0.0,0.0,0,no change
635,NickLReynolds,0.0,0.0,0,no change
634,JasonCady,0.0,0.0,0,no change
633,Littleloulou11,0.0,0.0,0,no change
632,catturd2,0.013000622161256553,0.02136560264188938,0,increase
631,DPrabhata,0.0,0.0,0,no change
630,TheFreds,0.0,0.0,0,no change
629,rechnen,0.0,0.0,0,no change
628,AstorAaron,0.0,0.0,0,no change
627,happyfeetbob,0.0,0.0,0,no change
626,WilsonJohnas,0.0,0.0,0,no change
625,JustinWolfers,0.0,0.0,0,no change
624,BobScheurle,0.0,0.0,0,no change
641,turn2asavage,0.0,0.0,0,no change
642,ScottAdamsSays,0.0004130046566540465,0.0005392444095941538,0,increase
643,kazoolist,0.0,0.0,0,no change
653,susanne37466865,0.0,0.0,0,no change
660,_dickjamer,0.0,0.0,0,no change
659,Bel_B30,0.0,0.0,0,no change
658,TheGBInvestor,0.0,0.0,0,no change
657,TheKanehB,0.0,0.0,0,no change
656,Dljwinter1,0.0,0.0,0,no change
655,Wolf14064576,0.0,0.0,0,no change
654,AlexPKetinLives,0.0,0.0,0,no change
652,HeidiJaster,0.0,0.0,0,no change
644,khoops77,0.0,0.0,0,no change
651,dwbakke,0.0,0.0,0,no change
650,BuffyWicks,0.0,0.0,0,no change
649,mny_mrk,0.0,0.0,0,no change
648,MitchOFarrell,0.0,0.0,0,no change
647,Mortheous,0.0,0.0,0,no change
646,TheTxPundit,0.0,0.0,0,no change
645,ParkinsonDoctor,0.0,0.0,0,no change
535,WHCOS,0.0024461766810563576,0.003992327577360461,0,increase
533,sfchronicle,0.0,0.0,0,no change
357,Chuto_o_balde,0.0,0.0,0,no change
419,ImRight2020,0.0,0.0,0,no change
417,HimalayaLa8,0.0,0.0,0,no change
416,Fer230350,0.0,0.0,0,no change
415,DSauer18,0.0,0.0,0,no change
414,SteveWorks4You,0.0,0.0,0,no change
413,SherriK27707290,0.0,0.0,0,no change
412,InfowarsBX,0.0,0.0,0,no change
411,KyleEdgren,0.0,0.0,0,no change
410,ActorDanunger1,0.0,0.0,0,no change
409,William74187903,0.0,0.0,0,no change
408,becgop,0.0,0.0,0,no change
407,Joyce87594328,0.0,0.0,0,no change
406,Jadon11959257,0.0,0.0,0,no change
405,MarionnetPierre,0.0,0.0,0,no change
404,point45percent,0.0,0.0,0,no change
403,pikapsou,0.0,0.0,0,no change
402,t36071581,0.0,0.0,0,no change
401,tgentilcoremd,0.0,0.0,0,no change
418,LeavingDancer22,0.0,0.0,0,no change
420,AMK292,0.0,0.0,0,no change
399,JohnMbafor,0.0,0.0,0,no change
421,jazzymsc,0.0,0.0,0,no change
439,bdsmacker,0.0,0.0,0,no change
438,TDeporable,0.0,0.0,0,no change
437,AltemusFrances,0.0,0.0,0,no change
435,1984_Trace,0.0,0.0,0,no change
434,Vinci15238126,0.0,0.0,0,no change
433,NewsKlw,0.0,0.0,0,no change
432,TimMoses9,0.0,0.0,0,no change
431,LedouxLuz,0.0,0.0,0,no change
430,Jbrc4E,0.0,0.0,0,no change
429,grandmas4scotty,0.0,0.0,0,no change
428,LarrypageB,0.0,0.0,0,no change
427,TechGirlForNow,0.0,0.0,0,no change
426,CACTIFF2018,0.0,0.0,0,no change
425,GloriaB2B,0.0,0.0,0,no change
424,perchance99,0.0,0.0,0,no change
423,Mary26041,0.0,0.0,0,no change
422,AnthonyMcConn20,0.0,0.0,0,no change
400,ricr_rose,0.0,0.0,0,no change
398,brendalee120,0.0,0.0,0,no change
532,Alec_Zeck,0.0,0.0,0,no change
376,DontTreadOnUS,0.0,0.0,0,no change
374,MomRinker,0.0,0.0,0,no change
373,PSchliesser,0.0,0.0,0,no change
372,dPQr2kQfO2zry59,0.0,0.0,0,no change
371,TonyinNY,0.0,0.0,0,no change
370,LouTom3,0.0,0.0,0,no change
369,Germanmarcano,0.0,0.0,0,no change
368,ShooterSharon,0.0,0.0,0,no change
367,JamesLennart,0.0,0.0,0,no change
366,monteschnider,0.0,0.0,0,no change
365,BigDogBoo,0.0,0.0,0,no change
364,star2000dancer,0.0,0.0,0,no change
363,Daryl7tsskid,0.0,0.0,0,no change
362,MichaelRiz,0.0,0.0,0,no change
361,GeorgeMaurer10,0.0,0.0,0,no change
360,DaMichaelangelo,0.0,0.0,0,no change
359,QbanKendy,0.0,0.0,0,no change
358,JLDERCLE,0.0,0.0,0,no change
375,Fun18819489,0.0,0.0,0,no change
377,rreth10,0.0,0.0,0,no change
397,IvanovaJoen,0.0,0.0,0,no change
378,bindyb123,0.0,0.0,0,no change
396,RavenHawk4,0.0,0.0,0,no change
395,WilliamBergholz,0.0,0.0,0,no change
394,mark_serplus,0.0,0.0,0,no change
393,ChrisAl56100359,0.0,0.0,0,no change
392,mgallagher465,0.0,0.0,0,no change
391,CeaserSaab,0.0,0.0,0,no change
390,Lou05316597,0.0,0.0,0,no change
389,Pippie79,0.0,0.0,0,no change
388,vlenuveno,0.0,0.0,0,no change
387,jaclyw,0.0,0.0,0,no change
386,sc4_trump47,0.0,0.0,0,no change
385,OkaforEze,0.0,0.0,0,no change
384,hallowhead_,0.0,0.0,0,no change
383,jth3663,0.0,0.0,0,no change
382,TruthDiddy,0.0,0.0,0,no change
380,vauxhall23,0.0,0.0,0,no change
379,1850Mustang1,0.0,0.0,0,no change
440,NMerritte,0.0,0.0,0,no change
441,HidenFromBiden7,0.0,0.0,0,no change
442,MikeYod79066121,0.0,0.0,0,no change
512,DenizSaaat,0.0,0.0,0,no change
510,MyrrhKat,0.0,0.0,0,no change
509,rakitoon,0.0,0.0,0,no change
508,LadyBlueInCA,0.0,0.0,0,no change
507,jdrichmond2020,0.0,0.0,0,no change
506,HiromamaOk,0.0,0.0,0,no change
505,Ted90303038,0.0,0.0,0,no change
504,ExptKnitter,0.0,0.0,0,no change
503,GranfieldJanyce,0.0,0.0,0,no change
502,EmmaHop99209321,0.0,0.0,0,no change
501,CensoredPatrio1,0.0,0.0,0,no change
500,pleeeeaze,0.0,0.0,0,no change
499,maggiemfox,0.0,0.0,0,no change
498,RWalensky,0.0,0.0,0,no change
497,SarahKarlin,0.0,0.0,0,no change
496,linmagic,0.0,0.0,0,no change
495,CDCgov,0.0,0.0,0,no change
494,HHSGov,0.0,0.0,0,no change
511,KatlehoLs,0.0,0.0,0,no change
513,MarkGenthner,0.0,0.0,0,no change
443,JJDJ1187,0.0,0.0,0,no change
514,tis_litt,0.0,0.0,0,no change
531,JakubZyKrakowa,0.0,0.0,0,no change
530,wayn_money,0.0,0.0,0,no change
529,DianaDr98740686,0.0,0.0,0,no change
528,ICNurses,0.0,0.0,0,no change
527,AnnetteMKennedy,0.0,0.0,0,no change
526,HollowM82972715,0.0,0.0,0,no change
525,FactChe77711645,0.0,0.0,0,no change
524,Lastmedic,0.0,0.0,0,no change
523,HabteEsh,0.0,0.0,0,no change
522,DrMcMoodyMuffin,0.0,0.0,0,no change
521,itradestocksman,0.0,0.0,0,no change
520,Zeina06160622,0.0,0.0,0,no change
519,IAMSTaylor,0.0,0.0,0,no change
518,bruzosa1,0.0,0.0,0,no change
517,cryptojacknews,0.0,0.0,0,no change
516,MatthewSoaring,0.0,0.0,0,no change
515,planet_sick,0.0,0.0,0,no change
493,cnnbrk,0.0,0.0,0,no change
491,karin08990622,0.0,0.0,0,no change
490,ChrisSl66588263,0.0,0.0,0,no change
489,SebulReath,0.0,0.0,0,no change
468,kendramcallist1,0.0,0.0,0,no change
467,CJAFVets,0.0,0.0,0,no change
466,RealMattCouch,0.0,0.0,0,no change
465,RubyRed26847420,0.0,0.0,0,no change
464,JPhilipFaranda,0.0,0.0,0,no change
463,BoneDoc78,0.0,0.0,0,no change
462,AceRod5,0.0,0.0,0,no change
461,anavjimenez,0.0,0.0,0,no change
460,JacquelynON,0.0,0.0,0,no change
459,MI8129,0.0,0.0,0,no change
458,Mauro56988425,0.0,0.0,0,no change
457,ddrysdale99,0.0,0.0,0,no change
456,VPofObscureInfo,0.0,0.0,0,no change
455,1967GenerationX,0.0,0.0,0,no change
454,UPNIGHT,0.0,0.0,0,no change
453,juliawillich,0.0,0.0,0,no change
445,FLOTUS,0.0,0.0,0,no change
469,ASprinkles65,0.0,0.0,0,no change
470,FULLMET52631413,0.0,0.0,0,no change
471,BoSnerdley,0.0,0.0,0,no change
481,GoodvMiles,0.0,0.0,0,no change
488,JordanSilver02,0.0,0.0,0,no change
487,DianneS78058836,0.0,0.0,0,no change
486,katone11518011,0.0,0.0,0,no change
485,Kyle4Truth,0.0,0.0,0,no change
484,GRATEFUL425,0.0,0.0,0,no change
483,Iampsyche2,0.0,0.0,0,no change
482,its8ritt,0.0,0.0,0,no change
480,jj_kali,0.0,0.0,0,no change
472,laurenboebert,0.0,0.0,0,no change
479,BlackSanta911,0.0,0.0,0,no change
478,studyyourfoe,0.0,0.0,0,no change
477,BOTRAINER,0.0,0.0,0,no change
476,liz_ledbetter,0.0,0.0,0,no change
475,saber_pack,0.0,0.0,0,no change
474,lawilliams1803,0.0,0.0,0,no change
473,HelloRobbieRose,0.0,0.0,0,no change
1373,lissandro_dp,0.0,0.0,0,no change
